iso3,type,place_a,qid_a,tier_a,place_b,qid_b,tier_b,km,verdict
ESP,area,Mallorca,Q8828,Major,Balearic Islands,Q5765,Major,13.1,
FRA,settlement,Paris,Q90,Icon,Versailles,Q621,Icon,16.9,
ITA,settlement,Reggio Calabria,Q8471,Notable,Messina,Q13666,Notable,12.2,
ITA,settlement,Monza,Q6252,Notable,Milan,Q490,Icon,14.5,
ITA,settlement,Varese,Q6285,Notable,Como,Q1308,Notable,19.6,
ITA,settlement,Modena,Q279,Major,Reggio Emilia,Q13360,Notable,23.9,
ESP,site,Teide,Q38954,Notable,Tenerife,Q40846,Major,3.8,
FRA,settlement,Antibes,Q126898,Notable,Cannes,Q39984,Notable,8.7,
FRA,settlement,Antibes,Q126898,Notable,Nice,Q33959,Icon,17.9,
FRA,settlement,Roubaix,Q34001,Notable,Villeneuve-d'Ascq,Q43295,Notable,7.9,
FRA,settlement,Boulogne-Billancourt,Q172455,Notable,Paris,Q90,Icon,8.5,
ESP,settlement,Barcelona,Q1492,Icon,Terrassa,Q13939,Notable,24.3,
ITA,settlement,Caltanissetta,Q13680,Notable,Enna,Q13687,Notable,19.9,
FRA,settlement,Menton,Q180083,Notable,Nice,Q33959,Icon,20.3,
ITA,settlement,Imperia,Q13318,Notable,Sanremo,Q33962,Notable,21.8,
ITA,settlement,Varese,Q6285,Notable,Busto Arsizio,Q1155,Notable,22.8,
ITA,settlement,Amalfi,Q80563,Notable,Salerno,Q1083,Notable,14.2,
ITA,settlement,Massa,Q13370,Notable,Carrara,Q13372,Notable,6.2,
ESP,settlement,Santa Cruz de Tenerife,Q14328,Notable,San Cristóbal de La Laguna,Q54898,Major,6.8,
ESP,settlement,Getafe,Q8802,Notable,Madrid,Q2807,Icon,13.1,
FRA,settlement,Charleville-Mézières,Q47383,Notable,Sedan,Q184371,Notable,17.1,
ITA,settlement,Vercelli,Q5990,Notable,Novara,Q6046,Notable,20.6,
ESP,settlement,Soria,Q12155,Notable,Alconaba,Q829246,Notable,8.3,
ITA,settlement,Trani,Q13495,Notable,Barletta,Q13470,Notable,12.5,
ITA,settlement,Sorrento,Q72672,Notable,Amalfi,Q80563,Notable,19.3,
ITA,settlement,Bolzano,Q6526,Notable,Merano,Q131605,Notable,24.2,
FRA,settlement,Neuilly-sur-Seine,Q48958,Notable,Suresnes,Q193929,Notable,3.5,
FRA,settlement,Roubaix,Q34001,Notable,Tourcoing,Q182481,Notable,3.9,
ESP,settlement,Terrassa,Q13939,Notable,Sabadell,Q12258,Notable,8.4,
FRA,settlement,Villeneuve-d'Ascq,Q43295,Notable,Tourcoing,Q182481,Notable,11.1,
FRA,settlement,Boulogne-Billancourt,Q172455,Notable,Argenteuil,Q181946,Notable,12.5,
FRA,settlement,Paris,Q90,Icon,Argenteuil,Q181946,Notable,12.6,
ESP,settlement,Alentisque,Q829197,Notable,Adradas,Q829225,Notable,14.1,
ESP,settlement,Barcelona,Q1492,Icon,Sabadell,Q12258,Notable,19.3,
FRA,settlement,Béziers,Q174019,Notable,Narbonne,Q6555,Notable,24.6,
FRA,settlement,Nanterre,Q170507,Notable,Suresnes,Q193929,Notable,2.8,
FRA,settlement,Nanterre,Q170507,Notable,Neuilly-sur-Seine,Q48958,Notable,4.7,
ESP,settlement,Arancón,Q36805,Notable,Aldealafuente,Q829175,Notable,14.8,
ITA,settlement,Imola,Q50195,Notable,Faenza,Q52981,Notable,15.4,
ITA,settlement,Lodi,Q6244,Notable,Crema,Q42793,Notable,15.4,
ITA,settlement,Legnano,Q42782,Notable,Busto Arsizio,Q1155,Notable,4.6,
FRA,settlement,Nanterre,Q170507,Notable,Saint-Germain-en-Laye,Q60847808,Notable,8.3,
FRA,settlement,Saint-Germain-en-Laye,Q60847808,Notable,Suresnes,Q193929,Notable,10.4,
ESP,settlement,Arancón,Q36805,Notable,Aldealices,Q829168,Notable,11.5,
FRA,settlement,Neuilly-sur-Seine,Q48958,Notable,Saint-Germain-en-Laye,Q60847808,Notable,13.0,
ESP,settlement,Alconaba,Q829246,Notable,Aldealpozo,Q829635,Notable,16.3,
FRA,settlement,Neuilly-sur-Seine,Q48958,Notable,Créteil,Q46135,Notable,18.2,
FRA,settlement,Lens,Q165271,Notable,Douai,Q193826,Notable,18.7,
FRA,settlement,Créteil,Q46135,Notable,Suresnes,Q193929,Notable,19.5,
ESP,settlement,Soria,Q12155,Notable,Aldealpozo,Q829635,Notable,21.7,
FRA,settlement,Nanterre,Q170507,Notable,Créteil,Q46135,Notable,22.1,
