golden_id,country,iso3,expected_name,aliases,row_kind,type,lat,lon,tol_km,min_tier,max_tier,kinds_expected,whs_id,qid,qid_status,relation,target_id,regression,evidence,note
G001,Egypt,EGY,Giza Pyramids,Giza|Giza Pyramids|Pyramids of Giza|Memphis and its Necropolis,positive,site,29.977,31.132,5,Icon,,ruins|desert,86,Q12508,resolved 2026-10-03,,,,whs_id verified by name in whs_expanded.xml,"Giza necropolis (part of WHS 86); Khufu pyramid is a serial component, not a separate pin; the Sphinx and pyramids may also exist as nested parts"
G002,Egypt,EGY,Cairo,Historic Cairo|Islamic Cairo|Al-Qahira,positive,settlement,30.044,31.236,8,Icon,,metropolis|old_town|capital,89,Q85,resolved 2026-10-03,,,y,whs_id verified by name in whs_expanded.xml,v1 merged Cairo into Giza; Cairo must exist by name
G003,Egypt,EGY,Luxor (Thebes),Luxor|Thebes|Ancient Thebes,positive,settlement,25.7,32.64,8,Icon,,capital|ruins,87,Q130514,resolved 2026-10-03,,,,whs_id verified by name in whs_expanded.xml,"Karnak, Luxor Temple and the Valley of the Kings are parts of one place"
G004,Egypt,EGY,Abu Simbel,,positive,site,22.337,31.626,5,Icon,,ruins|desert,88,Q134140,resolved 2026-10-03,,,,whs_id verified by name in whs_expanded.xml,WHS 'Nubian Monuments from Abu Simbel to Philae'
G005,Egypt,EGY,Aswan,,positive,settlement,24.089,32.899,6,Major,,water|desert,,Q29888,resolved 2026-10-03,,,,,Philae and the High Dam are near; Aswan is the settlement
G006,Egypt,EGY,Alexandria,Iskandariyya,positive,settlement,31.2,29.919,8,Major,,maritime|capital|metropolis,,Q87,resolved 2026-10-03,,,,,Ptolemaic capital
G007,Egypt,EGY,Saint Catherine's Monastery and Mount Sinai,Saint Catherine's Monastery|Mount Sinai|Saint Catherine Area,positive,site,28.556,33.976,6,Major,,sacred|mountain|desert,954,Q2468771,resolved 2026-10-03,,,,whs_id verified by name in whs_expanded.xml,
G008,Egypt,EGY,Siwa Oasis,,positive,area,29.203,25.519,10,Major,,desert|rural,,Q2008735,resolved 2026-10-03,,,,,
G009,Egypt,EGY,White Desert,,positive,area,27.33,28.17,25,Notable,,desert|wildlife,,Q2556953,resolved 2026-10-03,,,,,Farafra; area anchor tolerance is wide
G010,Egypt,EGY,Sharm el-Sheikh,,positive,settlement,27.916,34.33,8,Major,,seaside,,Q644,resolved 2026-10-03,,,,,Ras Mohammed is near; one pin is enough
G012,Egypt,EGY,Edfu,,positive,settlement,24.978,32.873,5,Notable,,ruins,,Q239107,resolved 2026-10-03,,,,,
G013,Egypt,EGY,Wadi Al-Hitan,Whale Valley|Wadi El-Hitan,positive,area,29.27,30.04,20,Notable,Notable,desert|wildlife,1186,Q501833,resolved 2026-10-03,,,y,whs_id verified by name in whs_expanded.xml,"v1's Egypt #1 was a Faiyum village; this natural WHS must be Notable, not top"
G014,Peru,PER,Machu Picchu,Machu Pichu|Historic Sanctuary of Machu Picchu,positive,site,-13.163,-72.545,5,Icon,,mountain|ruins,274,Q676203,resolved 2026-10-03,,,y,whs_id verified by name in whs_expanded.xml,"v1 shipped this as 'Quillabamba'; Aguas Calientes is the gateway, linked not merged"
G015,Peru,PER,Cusco,Cuzco,positive,settlement,-13.532,-71.967,6,Icon,,capital|old_town|mountain,273,Q5582862,resolved 2026-10-03,,,,whs_id verified by name in whs_expanded.xml,Inca capital
G016,Peru,PER,Sacred Valley (Ollantaytambo),,positive,area,-13.258,-72.264,15,Major,,mountain|rural,,Q2237464,resolved 2026-10-03,,,,,
G017,Peru,PER,Lima,,positive,settlement,-12.046,-77.03,12,Major,,capital|metropolis|old_town,500,Q2868,resolved 2026-10-03,,,,whs_id verified by name in whs_expanded.xml,Historic centre
G018,Peru,PER,Lake Titicaca (Puno),,positive,area,-15.84,-70.02,15,Major,,water,,Q35342,resolved 2026-10-03,,,,,
G019,Peru,PER,Colca Canyon,,positive,area,-15.6,-71.97,20,Major,,mountain|rural,,Q1107685,resolved 2026-10-03,,,,,
G020,Peru,PER,Arequipa,,positive,settlement,-16.399,-71.537,6,Major,,old_town|volcanic|mountain,1016,Q159273,resolved 2026-10-03,,,,whs_id verified by name in whs_expanded.xml,
G021,Peru,PER,Nazca Lines,Nasca Lines|Nazca and Palpa,positive,area,-14.739,-75.13,15,Major,,ruins|desert,700,Q2620036,resolved 2026-10-03,,,,whs_id verified by name in whs_expanded.xml,"a plateau, so typed area"
G022,Peru,PER,Manu National Park,,positive,area,-11.9,-71.6,60,Major,,forest|wildlife,402,Q390264,resolved 2026-10-03,,,,whs_id verified by name in whs_expanded.xml,
G023,Peru,PER,Iquitos,,positive,settlement,-3.749,-73.253,8,Notable,,forest,,Q193289,resolved 2026-10-03,,,,,Amazon gateway
G024,Peru,PER,Huascarán National Park (Huaraz),Huaraz|Huascarán|Cordillera Blanca,positive,area,-9.526,-77.528,30,Notable,,mountain|wildlife,333,Q917369,resolved 2026-10-03,,,,whs_id verified by name in whs_expanded.xml,
G025,Peru,PER,Chan Chan,,positive,site,-8.107,-79.074,6,Notable,,ruins|capital|desert,366,Q277540,resolved 2026-10-03,,,,whs_id verified by name in whs_expanded.xml,Chimú capital
G026,Peru,PER,Paracas,Paracas National Reserve,positive,area,-13.83,-76.25,20,Notable,,seaside|desert|wildlife,,Q1641076,resolved 2026-10-03,,,,,
G027,Italy,ITA,Rome,,positive,settlement,41.893,12.482,8,Icon,,capital|old_town|metropolis,91,Q220,resolved 2026-10-03,,,,whs_id verified by name in whs_expanded.xml,"Colosseum and Forum are parts of Rome, not separate pins"
G028,Italy,ITA,Florence,,positive,settlement,43.769,11.255,5,Icon,,capital|old_town,174,Q2044,resolved 2026-10-03,,,y,whs_id verified by name in whs_expanded.xml,Must outrank Belluno (v1: Belluno 90 > Florence 77)
G029,Italy,ITA,Venice,,positive,settlement,45.438,12.327,5,Icon,,maritime|old_town|capital,394,Q641,resolved 2026-10-03,,,,whs_id verified by name in whs_expanded.xml,
G030,Italy,ITA,Pompeii,,positive,site,40.751,14.487,4,Icon,,ruins|volcanic,829,Q43332,resolved 2026-10-03,,,,whs_id verified by name in whs_expanded.xml,Pompeii (WHS 829); Vesuvius is a separate volcano place
G031,Italy,ITA,Milan,,positive,settlement,45.464,9.19,8,Major,,metropolis|capital,,Q490,resolved 2026-10-03,,,,,
G032,Italy,ITA,Naples,,positive,settlement,40.852,14.268,10,Major,,capital|old_town|maritime,726,Q2634,resolved 2026-10-03,,,,whs_id verified by name in whs_expanded.xml,
G033,Italy,ITA,Siena,,positive,settlement,43.318,11.331,4,Major,,capital|old_town,717,Q2751,resolved 2026-10-03,,,,whs_id verified by name in whs_expanded.xml,
G034,Italy,ITA,Amalfi Coast,Costiera Amalfitana|Amalfi,positive,area,40.634,14.603,12,Major,,seaside|rural,830,Q212214,resolved 2026-10-03,,,,whs_id verified by name in whs_expanded.xml,
G035,Italy,ITA,Cinque Terre,Cinque Terre|Portovenere|Riomaggiore|Vernazza|Monterosso,positive,area,44.135,9.684,15,Major,,seaside|rural,826,Q275639,resolved 2026-10-03,,,,whs_id verified by name in whs_expanded.xml,
G036,Italy,ITA,Dolomites (Cortina d'Ampezzo),Dolomites|Cortina d'Ampezzo|Dolomiti,positive,area,46.537,12.136,25,Major,,mountain,1237,Q1283,resolved 2026-10-03,,,y,whs_id verified by name in whs_expanded.xml,"v1: Belluno 90 stood in for the Dolomites; WHS 1237 centroid is ~70 km from Cortina, so match by id or footprint, not by distance"
G037,Italy,ITA,Lake Como,,positive,area,45.987,9.262,15,Major,,water|mountain,,Q15523,resolved 2026-10-03,,,,,
G038,Italy,ITA,Pisa,,positive,settlement,43.723,10.396,4,Major,,old_town,395,Q13375,resolved 2026-10-03,,,,whs_id verified by name in whs_expanded.xml,
G039,Italy,ITA,Mount Etna,,positive,area,37.751,14.994,12,Major,,volcanic|mountain,1427,Q16990,resolved 2026-10-03,,,,whs_id verified by name in whs_expanded.xml,
G040,Italy,ITA,Valley of the Temples (Agrigento),,positive,site,37.291,13.586,4,Major,,ruins,831,Q636774,resolved 2026-10-03,,,,whs_id verified by name in whs_expanded.xml,
G041,Italy,ITA,Matera,,positive,settlement,40.667,16.604,4,Major,,old_town,670,Q13616,resolved 2026-10-03,,,,whs_id verified by name in whs_expanded.xml,
G042,Italy,ITA,Assisi,,positive,settlement,43.071,12.619,4,Major,,sacred|old_town,990,Q20103,resolved 2026-10-03,,,,whs_id verified by name in whs_expanded.xml,
G043,Italy,ITA,Alberobello,,positive,settlement,40.783,17.237,3,Notable,,rural,787,Q51812,resolved 2026-10-03,,,,whs_id verified by name in whs_expanded.xml,
G044,Jordan,JOR,Petra,Petra|Wadi Musa,positive,site,30.329,35.444,5,Icon,,ruins|desert|capital,326,Q5788,resolved 2026-10-03,,,y,whs_id verified by name in whs_expanded.xml,"v1 shipped this as ""Ma'an""; Wadi Musa is the gateway; Nabataean capital (historic, in the note only)"
G045,Jordan,JOR,Wadi Rum,,positive,area,29.576,35.42,12,Icon,,desert|wildlife,1377,Q40729,resolved 2026-10-03,,,y,whs_id verified by name in whs_expanded.xml,v1 absorbed this into Aqaba
G046,Jordan,JOR,Amman,,positive,settlement,31.954,35.91,10,Major,,metropolis|capital,,Q3805,resolved 2026-10-03,,,,,
G047,Jordan,JOR,Jerash,Gerasa,positive,site,32.28,35.891,4,Major,,ruins,,Q31565,resolved 2026-10-03,,,,,
G048,Jordan,JOR,Dead Sea (Jordan shore),,positive,area,31.58,35.57,15,Major,,water|desert,,Q23883,resolved 2026-10-03,,,,,
G049,Jordan,JOR,Aqaba,,positive,settlement,29.532,35.006,6,Major,,maritime,,Q180522,resolved 2026-10-03,,,,,
G050,Jordan,JOR,Mount Nebo,,positive,site,31.767,35.725,4,Notable,,sacred,,Q680161,resolved 2026-10-03,,,,,
G051,Jordan,JOR,Bethany Beyond the Jordan,,positive,site,31.837,35.551,4,Notable,,sacred,1446,Q12193567,resolved 2026-10-03,,,,whs_id verified by name in whs_expanded.xml,
G052,Jordan,JOR,Dana Biosphere Reserve,,positive,area,30.68,35.61,15,Notable,,wildlife|mountain,,Q864750,resolved 2026-10-03,,,,,
G053,Jordan,JOR,Karak Castle,,positive,site,31.18,35.704,3,Notable,,ruins,,Q844694,resolved 2026-10-03,,,,,
G054,Jordan,JOR,Umm Qais,,positive,site,32.653,35.685,3,Notable,,ruins,,Q131955,resolved 2026-10-03,,,,,
G055,Tanzania,TZA,Serengeti National Park,,positive,area,-2.333,34.833,50,Icon,,wildlife,156,Q11812902,resolved 2026-10-03,,,,whs_id verified by name in whs_expanded.xml,
G056,Tanzania,TZA,Ngorongoro Crater,,positive,area,-3.17,35.58,15,Icon,,wildlife|volcanic,39,Q1217726,resolved 2026-10-03,,,,whs_id verified by name in whs_expanded.xml,
G057,Tanzania,TZA,Mount Kilimanjaro,Kilimanjaro|Kilimanjaro National Park,positive,area,-3.067,37.355,15,Icon,,mountain|volcanic|wildlife,403,Q7296,resolved 2026-10-03,,,y,whs_id verified by name in whs_expanded.xml,v1 shipped this as 'Tarakea'; Moshi is the gateway
G058,Tanzania,TZA,"Stone Town, Zanzibar",Stone Town|Zanzibar City,positive,settlement,-6.163,39.19,4,Icon,,old_town|maritime|capital,173,Q844417,resolved 2026-10-03,,,,whs_id verified by name in whs_expanded.xml,
G059,Tanzania,TZA,Dar es Salaam,,positive,settlement,-6.792,39.208,10,Major,,metropolis|maritime|capital,,Q1960,resolved 2026-10-03,,,,,
G060,Tanzania,TZA,Nyerere National Park (Selous),Selous Game Reserve|Selous|Nyerere NP,positive,area,-8.5,37.5,60,Notable,,wildlife,199,Q104873228,resolved 2026-10-03,,,,whs_id verified by name in whs_expanded.xml,"WHS 199 is ""Selous Game Reserve"" (-9.0,37.4); WDPA lists ""Selous G.R"" (-8.86,37.41); match by id, footprint or alias"
G061,Tanzania,TZA,Tarangire National Park,,positive,area,-3.83,36.0,20,Notable,,wildlife,,Q1432744,resolved 2026-10-03,,,,,
G062,Tanzania,TZA,Lake Manyara National Park,,positive,area,-3.6,35.8,20,Notable,,water|wildlife,,Q607533,resolved 2026-10-03,,,,,
G063,Tanzania,TZA,Mount Meru (Arusha National Park),Mount Meru|Arusha National Park,positive,area,-3.246,36.8,15,Notable,,mountain|volcanic|wildlife,,Q309098,resolved 2026-10-03,,,,,
G065,Tanzania,TZA,Kilwa Kisiwani,,positive,site,-8.958,39.515,6,Notable,,ruins|maritime|capital,144,Q1741475,resolved 2026-10-03,,,,whs_id verified by name in whs_expanded.xml,
G066,Tanzania,TZA,Gombe Stream National Park,,positive,area,-4.67,29.63,15,Notable,,wildlife|water,,Q856665,resolved 2026-10-03,,,,,
G067,Tanzania,TZA,Ruaha National Park,,positive,area,-7.6,34.9,40,Notable,,wildlife,,Q656363,resolved 2026-10-03,,,,,
G068,Tanzania,TZA,Olduvai Gorge,,positive,area,-2.99,35.35,10,Notable,,ruins,,Q217043,resolved 2026-10-03,,,,,
G069,Tanzania,TZA,Dodoma,,positive,settlement,-6.173,35.742,8,Notable,,capital,,Q3866,resolved 2026-10-03,,,,,Capital of Tanzania
G070,Egypt,EGY,Dahab,Dahab South Sinai|Dahab Blue Hole,positive,settlement,28.493,34.505,6,Notable,,seaside,,Q370495,resolved 2026-10-03,,,,wikidata Q370495 sitelinks=45 dist 0 km,v1: absent (nearest v1 Sharm el-Sheikh 66.4 km). Red Sea dive/windsurf town on Gulf of Aqaba
G071,Egypt,EGY,Faiyum,Al Fayyum|Fayoum|Medinet el-Fayoum,positive,settlement,29.310,30.842,8,Notable,,rural|water,,Q203299,resolved 2026-10-03,,,,world_settlements geonameid 361320 Al Fayyum pop 519047,v1: absent (nearest v1 Yusuf as-Siddiq 28.9 km; that is a village). Oasis governorate capital; Lake Qarun and Wadi El Rayan nearby
G072,Egypt,EGY,Abydos,Abydos Temple of Seti I|Al Balyana|El Araba el Madfuna,positive,site,26.185,31.919,6,Notable,,ruins,,Q192268,resolved 2026-10-03,,,,wikidata Q192268 sitelinks=58 dist 0 km,v1: misplaced:Al Balyanā 10.2 km. Osiris cult centre; Seti I temple; v1 has only the modern town Al Balyana
G073,Egypt,EGY,Wadi El Rayan,Wadi El Rayan Protected Area|Wadi Rayyan|Wadi El-Rayan waterfalls,positive,area,29.202,30.284,15,Notable,,desert|water|wildlife,,Q6562520,resolved 2026-10-03,,,,wdpa 555547985 Wadi El Rayan Protected Area IUCN II GIS_AREA 1756.36,v1: absent (nearest v1 Yusuf as-Siddiq 33.4 km). Fayum desert lakes and waterfalls; 24 km from Wadi Al-Hitan G013
G074,Italy,ITA,Mantua,Mantova|Sabbioneta,positive,settlement,45.156,10.791,5,Notable,,old_town,1287,Q6247,resolved 2026-10-03,,,,WHS 1287 Mantua and Sabbioneta 44.998/10.490 (Italy); wikidata Q6247 sitelinks=119 dist 0.1km; settlements pop 39260,"v1: absent. nearest v1 Viadana 32.5 km, Verona 35.2 km"
G075,Italy,ITA,Val d'Orcia,Pienza|Montalcino|San Quirico d'Orcia,positive,area,43.067,11.550,15,Notable,,rural|old_town,1026,Q217449,resolved 2026-10-03,,,,WHS 1026 Val d'Orcia 43.067/11.550 (Italy); wikidata Q217449 sitelinks=47 dist 0.0km,v1: absent. nearest v1 Siena 33.1 km; Pienza WHS 789 is a sibling pin 11 km away
G076,Italy,ITA,Su Nuraxi di Barumini,Barumini|Nuraghe,positive,site,39.706,8.991,4,Notable,,ruins,833,Q253241,resolved 2026-10-03,,,,WHS 833 Su Nuraxi di Barumini 39.706/8.991 (Italy),v1: absent. nearest v1 Oristano 40.5 km; Nuragic Bronze Age civilisation
G077,Italy,ITA,Paestum,Paestum Greek temples|Poseidonia,positive,site,40.420,15.006,4,Notable,,ruins,842,Q329967,resolved 2026-10-03,,,,wikidata Q329967 sitelinks=57 dist 0.0km; inside WHS 842 Cilento and Vallo di Diano NP with Paestum (40.067/15.433),v1: absent. nearest v1 Agropoli 8.0 km (name mismatch)
G078,Italy,ITA,Aeolian Islands,Isole Eolie|Lipari|Stromboli|Vulcano,positive,area,38.488,14.946,30,Notable,,volcanic|seaside,908,Q179883,resolved 2026-10-03,,,,WHS 908 Isole Eolie 38.488/14.946 (Italy); wikidata Q179883 sitelinks=75 dist 1.3km,v1: absent. nearest v1 Milazzo 39.3 km
G079,Italy,ITA,Orvieto,,positive,settlement,42.718,12.108,4,Notable,,old_town,,Q541,resolved 2026-10-03,,,,wikidata Q541 sitelinks=83 dist 0.2km (not WHS),v1: absent. nearest v1 Viterbo 33.2 km; Etruscan/medieval hill town
G080,Italy,ITA,Mount Vesuvius,Vesuvio|Parco nazionale del Vesuvio,positive,area,40.823,14.432,10,Major,,volcanic|mountain|wildlife,,Q524,resolved 2026-10-03,,,,WDPA 63646 Parco nazionale del Vesuvio IUCN II 82.71 km2 40.823/14.432,v1: absent. nearest v1 Ottaviano 5.0 km (name mismatch); ~9 km from Pompeii G030 but distinct volcano
G081,Italy,ITA,Gran Paradiso National Park,Gran Paradiso|Parco nazionale del Gran Paradiso,positive,area,45.541,7.324,25,Notable,,mountain|wildlife,,Q847690,resolved 2026-10-03,,,,WDPA 718 Parco nazionale del Gran Paradiso IUCN II 711.09 km2 45.541/7.324,v1: absent. nearest v1 Aosta 21.9 km; ibex habitat
G082,Jordan,JOR,Quseir Amra,Qusayr Amra|Qasr Amra|Quseir Amra Desert Castle,positive,site,31.802,36.587,5,Notable,,ruins,327,Q499517,resolved 2026-10-03,,,,WHS 327 Quseir Amra 31.8018 36.5873 Jordan; Wikidata Q499517 sitelinks 46 dist 0.0km,v1: absent (nearest v1 Az̧ Z̧ulayl 45.8 km). Umayyad desert bath-palace
G083,Jordan,JOR,Umm ar-Rasas,Um er-Rasas|Kastrom Mefa'a|Umm al-Rasas,positive,site,31.483,35.917,5,Notable,,ruins,1093,Q822842,resolved 2026-10-03,,,,WHS 1093 Um er-Rasas 31.4833 35.9167 Jordan; Wikidata Q822842 sitelinks 40 dist 1.8km,v1: absent (nearest v1 Mādabā 28.4 km). Roman-Byzantine-early Islamic town with mosaics
G084,Jordan,JOR,Umm al-Jimal,Umm Al-Jimāl|Umm el-Jimal,positive,site,32.327,36.370,5,Notable,,ruins,1721,Q3107493,resolved 2026-10-03,,,,WHS 1721 Umm Al-Jimal 32.32694 36.37 Jordan,v1: absent (nearest v1 Mafraq 15.3 km). Basalt Roman-Byzantine town
G085,Jordan,JOR,Aqaba Marine Reserve,Aqaba Marine Park|Aqaba Coral Reserve,positive,area,29.430,34.976,12,Notable,,seaside|wildlife,1742,Q31866622,resolved 2026-10-03,,,,WHS 1742 Aqaba Marine Reserve 29.4297 34.9756 Jordan,v1: absent (nearest v1 Aqaba 11.2 km; no name match). Distinct from Aqaba city row (11.7 km); Red Sea coral
G086,Jordan,JOR,Mujib Nature Reserve,Wadi Mujib|Mujib Biosphere Reserve|Wadi al-Mujib,positive,area,31.499,35.634,12,Notable,,wildlife|mountain|water,,Q2120208,resolved 2026-10-03,,,,WDPA 17232 Mujib Nature Reserve cat II 212.40 km2 31.49896 35.63415,v1: absent (nearest v1 Mādabā 28.5 km). Canyon gorge reserve; 10.9 km from Dead Sea row centre
G087,Jordan,JOR,Azraq Wetland Reserve,Azraq Oasis|Azraq,positive,area,31.820,36.861,10,Local,,water|wildlife,,Q11202572,resolved 2026-10-03,,,,WDPA 3215 Azraq Wetland Reserve cat IV 74.27 km2 31.81955 36.86052,v1: absent (nearest v1 Az̧ Z̧ulayl 64.2 km). Desert oasis wetland
G088,Jordan,JOR,Ajloun,Ajlun|Ajloun Castle|Qal'at ar-Rabad,positive,settlement,32.333,35.753,6,Notable,,old_town,,Q1141858,resolved 2026-10-03,,,,world_settlements Ajlūn pop 125557 at 32.3333 35.7528,v1: absent (nearest v1 Judita 9.3 km). Castle town; castle (Qal'at ar-Rabad) ~1 km away
G089,Peru,PER,Caral-Supe,Sacred City of Caral-Supe|Caral|Caral Supe,positive,site,-10.892,-77.521,6,Notable,,ruins,1269,Q219279,resolved 2026-10-03,,,,"WHS 1269 Sacred City of Caral-Supe (-10.8916,-77.52138; Peru); wikidata Q219279 sl=46","v1: misplaced:Hualmay 24.7. v1 Hualmay (-11.096,-77.614) carries whs=1 (likely Caral credit) but is a town 24.7 km away; oldest city in the Americas (c.2600 BCE)"
G090,Peru,PER,Chavín de Huántar,Chavin|Chavín (Archaeological Site)|Chavin de Huantar,positive,site,-9.593,-77.178,5,Notable,,ruins|sacred|mountain,330,Q732554,resolved 2026-10-03,,,,"WHS 330 Chavin (Archaeological Site) (-9.59277,-77.17845; Peru); wikidata Q732554 sl=43 dist 0 km",v1: absent. nearest v1 place Huaraz 39.3 km (whs=1 is Huascarán); Chavín culture temple complex
G091,Peru,PER,Cerros de Amotape National Park,Amotape|Parque Nacional Cerros de Amotape,positive,area,-4.013,-80.474,25,Local,,forest|wildlife,,Q977740,resolved 2026-10-03,,,,"WDPAID 259 Cerros de Amotape IUCN II GIS_AREA 1521.53 km2 (-4.01254,-80.47408)",v1: absent. nearest v1 place Tumbes 50.9 km; tropical dry forest
G092,Peru,PER,Megantoni National Sanctuary,Santuario Nacional Megantoni|Megantoni,positive,area,-12.276,-72.449,25,Local,,forest|wildlife|mountain,,Q6062202,resolved 2026-10-03,,,,"WDPAID 20186 Megantoni IUCN III GIS_AREA 2155.91 km2 (-12.27628,-72.44916)",v1: absent. nearest v1 place Quillabamba 70.4 km; Urubamba/Pongo de Mainique
G093,Tanzania,TZA,Kondoa Rock-Art Sites,Kondoa Irangi|Kondoa Rock Paintings,positive,area,-4.724,35.834,10,Notable,,ruins|sacred,1183,Q1404282,resolved 2026-10-03,,,,WHS 1183 Kondoa Rock-Art Sites -4.7244 35.8339 Tanzania; nearest v1 Kondoa 20.4 km,v1: misplaced:Kondoa 20.4. v1 Kondoa town is 20 km off the WHS
G094,Tanzania,TZA,Mwanza,,positive,settlement,-2.517,32.900,8,Major,,metropolis|water,,Q110218,resolved 2026-10-03,,,,world_settlements Mwanza pop 1104521; nearest v1 Mhalamba 99.1 km,v1: absent. Lake Victoria port; second city
G095,Tanzania,TZA,Katavi National Park,Katavi,positive,area,-6.978,31.292,25,Notable,,wildlife,,Q1422525,resolved 2026-10-03,,,,WDPA 921 Katavi National Park II 4206.92 km2 -6.97758 31.29208; nearest v1 Usevia 15.0 km,v1: absent. Usevia is a village not the park
G096,Tanzania,TZA,Udzungwa Mountains National Park,Udzungwa,positive,area,-7.781,36.656,20,Local,,forest|mountain|wildlife,,Q1294175,resolved 2026-10-03,,,,WDPA 19297 Udzungwa Mountains National Park II 1906.58 km2 -7.78053 36.65573; nearest v1 Kidatu 34.4 km,v1: absent
G097,Tanzania,TZA,Mikumi National Park,Mikumi,positive,area,-7.364,37.237,20,Notable,,wildlife,,Q1124728,resolved 2026-10-03,,,,WDPA 919 Mikumi National Park II 3352.57 km2 -7.36435 37.23726; nearest v1 Mikumi town 28.4 km,v1: misplaced:Mikumi 28.4. v1 Mikumi is the town
G098,Tanzania,TZA,Moshi,,positive,settlement,-3.350,37.333,8,Local,,metropolis|mountain,,Q271733,resolved 2026-10-03,,,,world_settlements Moshi pop 221733; nearest v1 Tarakea 46.5 km,v1: absent. Kilimanjaro gateway
G099,Morocco,MAR,Marrakech,Marrakesh|Jemaa el-Fnaa|Medina of Marrakesh,positive,settlement,31.626,-7.989,8,Icon,,old_town|metropolis|capital,331,Q101625,resolved 2026-10-03,,,,whs_id verified by name in whs_properties.csv,"Medina, souks and Jemaa el-Fnaa square; anchor at the square; capital of a former empire"
G100,Morocco,MAR,Fez,Fes|Fez el-Bali|Medina of Fez,positive,settlement,34.065,-4.973,8,Icon,,old_town|sacred|metropolis,170,Q80985,resolved 2026-10-03,,,,whs_id verified by name in whs_properties.csv,Fes el-Bali medina with souks and tanneries; anchor in the old medina
G101,Morocco,MAR,Casablanca,Dar el-Beida,positive,settlement,33.589,-7.612,10,Major,,metropolis|maritime,,Q7903,resolved 2026-10-03,,,,"settlement >= 100,000",Largest city; Hassan II Mosque is on the coast about 4 km west
G102,Morocco,MAR,Rabat,Rabat-Sale,positive,settlement,34.021,-6.835,8,Major,,capital|old_town|maritime,1401,Q3551,resolved 2026-10-03,,,,whs_id verified by name in whs_properties.csv (1401),Current capital of Morocco
G103,Morocco,MAR,Chefchaouen,Chefchaouen Medina|Chaouen,positive,settlement,35.169,-5.269,5,Major,,old_town|mountain,,Q676778,resolved 2026-10-03,,,,Wikidata item >= 40 sitelinks (to verify when qid resolved),"Blue-washed mountain town in the Rif; population under 100,000 so evidence is Wikidata"
G104,Morocco,MAR,Erg Chebbi (Merzouga),Merzouga|Erg Chebbi|Merzouga Dunes,positive,area,31.1,-4.01,15,Major,,desert,,Q146219,resolved 2026-10-03,,,,Wikidata item >= 40 sitelinks (to verify when qid resolved),Sahara dune field near Merzouga; area anchor is the village at the dune edge
G105,Morocco,MAR,Ait Benhaddou,Ksar of Ait-Ben-Haddou|Aït Benhaddou|Ait Ben Haddou,positive,site,31.047,-7.129,5,Major,,ruins|desert|rural,444,Q309436,resolved 2026-10-03,,,,whs_id verified by name in whs_properties.csv,Fortified ksar on the former caravan route
G106,Morocco,MAR,Essaouira,Mogador|Medina of Essaouira,positive,settlement,31.513,-9.77,6,Major,,maritime|old_town|seaside,753,Q216939,resolved 2026-10-03,,,,whs_id verified by name in whs_properties.csv,Atlantic port medina and ramparts
G107,Morocco,MAR,Volubilis,Walili,positive,site,34.074,-5.556,5,Notable,,ruins,836,Q391215,resolved 2026-10-03,,,,whs_id verified by name in whs_properties.csv,Roman ancient city; near Meknes
G108,Morocco,MAR,Toubkal,Jebel Toubkal|Toubkal National Park|Mount Toubkal,positive,area,31.059,-7.916,15,Major,,mountain|wildlife,,Q1969097,resolved 2026-10-03,,,,Toubkal National Park (protected area; WDPA id to resolve),"High Atlas summit, 4,167 m; highest in North Africa"
G109,Morocco,MAR,Todra Gorge,Todgha Gorge|Gorges du Todra,positive,site,31.585,-5.592,5,Notable,,mountain,,Q3111026,resolved 2026-10-03,,,,Wikidata item >= 40 sitelinks (to verify when qid resolved),Limestone canyon in the High Atlas near Tinghir
G110,Morocco,MAR,Agadir,,positive,settlement,30.428,-9.598,10,Major,,seaside|maritime,,Q170525,resolved 2026-10-03,,,,"settlement >= 100,000",Atlantic resort city rebuilt after the 1960 earthquake
G111,Morocco,MAR,Tangier,Tanger|Tangier Medina,positive,settlement,35.775,-5.805,10,Major,,maritime|old_town,,Q126148,resolved 2026-10-03,,,,"settlement >= 100,000",Port city on the Strait of Gibraltar
G112,Morocco,MAR,Meknes,Historic City of Meknes|Meknes Medina,positive,settlement,33.895,-5.554,8,Notable,,old_town|capital,793,Q178663,resolved 2026-10-03,,,,whs_id verified by name in whs_properties.csv,Imperial city of Moulay Ismail; seat of a former sovereign state
G113,Morocco,MAR,Ouzoud Falls,Cascades d'Ouzoud|Ouzoud Waterfalls,positive,site,32.014,-6.718,5,Notable,,water,,Q38212,resolved 2026-10-03,,,,Wikidata item >= 40 sitelinks (to verify when qid resolved); sitelink count not confirmed,About 110 m waterfall in the Middle Atlas foothills
G114,Morocco,MAR,Oujda,,positive,settlement,34.681,-1.909,10,Notable,,metropolis,,Q193802,resolved 2026-10-03,,,,"settlement >= 100,000",Main city of eastern Morocco near the Algerian border
G115,Morocco,MAR,Ouarzazate,Taourirt Kasbah,positive,settlement,30.92,-6.894,8,Notable,,desert|old_town,,Q505208,resolved 2026-10-03,,,,"Wikidata item >= 40 sitelinks (to verify when qid resolved); population may be under 100,000",Gateway to the Draa and Dades valleys; film studios
G116,Morocco,MAR,Imlil,,positive,settlement,31.137,-7.92,5,Notable,,mountain|rural,,Q6004235,resolved 2026-10-03,,,,Wikidata item >= 40 sitelinks (to verify when qid resolved); sitelink count not confirmed,"Berber village, trailhead for Toubkal"
G117,Morocco,MAR,Ifrane,,positive,settlement,33.533,-5.107,6,Notable,,mountain|rural,,Q1001887,resolved 2026-10-03,,,,Wikidata item >= 40 sitelinks (to verify when qid resolved); sitelink count not confirmed,"Middle Atlas hill town, alpine-style, near cedar forests"
G118,Morocco,MAR,Taghazout,,positive,settlement,30.544,-9.709,5,Local,,seaside,,Q621472,resolved 2026-10-03,,,,Wikidata item >= 40 sitelinks (to verify when qid resolved); sitelink count not confirmed,Surf village on the Atlantic coast north of Agadir
G119,Morocco,MAR,Tetouan,Medina of Tetouan|Titawin,positive,settlement,35.571,-5.368,8,Notable,,old_town|maritime,837,Q185157,resolved 2026-10-03,,,,whs_id verified by name in whs_properties.csv,"Andalusian-influenced medina; city over 300,000"
G120,Morocco,MAR,El Jadida,Mazagan|Portuguese City of Mazagan,positive,settlement,33.257,-8.502,8,Notable,,maritime|ruins,1058,Q219583,resolved 2026-10-03,,,,whs_id verified by name in whs_properties.csv,Portuguese fortified port city on the Atlantic
G121,Spain,ESP,Madrid,,positive,settlement,40.417,-3.704,8,Icon,,capital|metropolis,,Q2807,resolved 2026-10-03,,,,settlement >=100000 (national capital),Capital of Spain; Escorial and Aranjuez are separate WHS properties
G122,Spain,ESP,Barcelona,,positive,settlement,41.387,2.170,8,Icon,,metropolis|maritime|old_town,,Q1492,resolved 2026-10-03,,,,settlement >=100000,Gaudi works (WHS 320) are not credited to the city row
G123,Spain,ESP,Alhambra,Alhambra and Generalife|Alhambra de Granada,positive,site,37.177,-3.588,4,Icon,,ruins|old_town,314,Q47476,resolved 2026-10-03,,,,whs_id verified by name in whs_properties.csv,"WHS 314 Alhambra, Generalife and Albayzin; Granada city centre is ~1 km away"
G124,Spain,ESP,Seville,Sevilla|Cathedral of Seville|Real Alcazar,positive,settlement,37.389,-5.994,8,Major,,old_town|metropolis,383,Q8717,resolved 2026-10-03,,,,whs_id verified by name in whs_properties.csv,"Cathedral, Alcazar and Archivo de Indias are parts of Seville"
G125,Spain,ESP,Camino de Santiago,Way of St James|Camino Frances|Routes of Santiago de Compostela,positive,route,42.589,-2.842,60,Major,,sacred|rural,669,Q41150,resolved 2026-10-03,,,,whs_id verified by name in whs_properties.csv,"Camino Frances and northern routes; route anchor is the WHS registry point in La Rioja, match by id"
G126,Spain,ESP,Santiago de Compostela,Santiago,positive,settlement,42.881,-8.545,6,Major,,sacred|old_town,347,Q14314,resolved 2026-10-03,,,,whs_id verified by name in whs_properties.csv,Pilgrimage end point; distinct from the route row ESP05
G127,Spain,ESP,Toledo,Historic City of Toledo,positive,settlement,39.863,-4.027,5,Major,,old_town|capital,379,Q5836,resolved 2026-10-03,,,,whs_id verified by name in whs_properties.csv,Former seat of the Castilian court
G128,Spain,ESP,Teide National Park,Teide|Mount Teide|Tenerife,positive,area,28.272,-16.642,15,Major,,volcanic|mountain|wildlife,1258,Q715124,resolved 2026-10-03,,,,whs_id verified by name in whs_properties.csv,"Highest peak of Spain (3,715 m), Tenerife, Canary Islands"
G129,Spain,ESP,Palma de Mallorca,Palma|Palma Mallorca,positive,settlement,39.570,2.650,8,Major,,maritime|seaside|old_town,,Q8826,resolved 2026-10-03,,,,settlement >=100000,Balearic capital on Mallorca; Serra de Tramuntana is a separate area
G130,Spain,ESP,Picos de Europa,Picos de Europa National Park|Naranjo de Bulnes,positive,area,43.200,-4.850,25,Major,,mountain|wildlife,,Q48567,resolved 2026-10-03,,,,protected area: Picos de Europa National Park (WDPA id to resolve),"Cantabrian range across Asturias, Cantabria, Leon; anchor near Naranjo de Bulnes"
G131,Spain,ESP,Ordesa and Monte Perdido,Ordesa|Ordesa y Monte Perdido National Park|Spanish Pyrenees,positive,area,42.650,-0.030,20,Notable,,mountain|wildlife,,Q741610,resolved 2026-10-03,,,,protected area: Ordesa y Monte Perdido National Park (WDPA id to resolve),Spanish Pyrenees; WHS 773 Pyrenees Mont Perdu is listed under France in whs_properties.csv so whs_id left blank
G132,Spain,ESP,San Sebastian,Donostia|Donostia-San Sebastian|La Concha,positive,settlement,43.318,-1.981,6,Major,,seaside|maritime,,Q10313,resolved 2026-10-03,,,,settlement >=100000,Basque city on La Concha bay
G133,Spain,ESP,Valencia,Valencia city,positive,settlement,39.470,-0.376,8,Major,,metropolis|maritime,,Q8818,resolved 2026-10-03,,,,settlement >=100000,"Lonja de la Seda (WHS 782) is a component, not credited to this row"
G134,Spain,ESP,Cordoba,Cordoba Spain|Mezquita|Mosque-Cathedral of Cordoba,positive,settlement,37.879,-4.779,5,Major,,old_town|sacred,313,Q5818,resolved 2026-10-03,,,,whs_id verified by name in whs_properties.csv,Historic centre WHS 313; Mezquita is part of it
G135,Spain,ESP,Donana National Park,Donana|Coto de Donana,positive,area,36.947,-6.359,20,Notable,,wildlife|water,685,Q463141,resolved 2026-10-03,,,,whs_id verified by name in whs_properties.csv,Marshes at Guadalquivir mouth; match by id or footprint
G136,Spain,ESP,Timanfaya National Park,Timanfaya|Montanas del Fuego|Lanzarote,positive,area,29.000,-13.750,15,Major,,volcanic|wildlife,,Q1480521,resolved 2026-10-03,,,,protected area: Timanfaya National Park (WDPA id to resolve),"Volcanic landscape, Lanzarote, Canary Islands"
G137,Spain,ESP,Malaga,Malaga Spain|Costa del Sol,positive,settlement,36.721,-4.421,8,Major,,maritime|seaside|metropolis,,Q8851,resolved 2026-10-03,,,,settlement >=100000,Costa del Sol gateway
G138,Spain,ESP,Sierra Nevada,Sierra Nevada National Park|Mulhacen,positive,area,37.060,-3.300,20,Notable,,mountain|wildlife,,Q26955,resolved 2026-10-03,,,,protected area: Sierra Nevada National Park (WDPA id to resolve),"Mulhacen 3,479 m is the highest peak on the Iberian mainland"
G139,Spain,ESP,Bilbao,Bilbo,positive,settlement,43.263,-2.935,8,Major,,maritime,,Q8692,resolved 2026-10-03,,,,settlement >=100000,Basque city; Guggenheim is a nested destination
G140,Spain,ESP,Cadiz,Cadiz Spain,positive,settlement,36.527,-6.289,5,Notable,,maritime|old_town,,Q15682,resolved 2026-10-03,,,,settlement >=100000,"Atlantic port on a peninsula, one of Europe's oldest cities"
G141,Spain,ESP,"Ibiza, Biodiversity and Culture",Ibiza Dalt Vila|Dalt Vila|Ibiza|Eivissa|Eibissa|Ibiza Town,positive,area,38.907,1.436,30,Notable,,old_town|seaside,417,Q52631,resolved 2026-10-03,,,,whs_id verified by name in whs_properties.csv,"Revised 6 Oct 2026 (D31): the row names the World Heritage property (WHS 417, Wikidata item Q52631 'Ibiza'); Dalt Vila (6 sitelinks) is an asset of it, not a separate place. Was 'Ibiza Dalt Vila', Q15958616"
G142,Spain,ESP,Pamplona,Iruna|Pamplona Navarre,positive,settlement,42.812,-1.645,6,Notable,,old_town,,Q10282,resolved 2026-10-03,,,,settlement >=100000,Capital of Navarre; Camino Frances passes through and San Fermin festival
G143,France,FRA,Paris,,positive,settlement,48.857,2.352,8,Icon,,capital|metropolis|old_town,600,Q90,resolved 2026-10-03,,,y,whs_id verified by name in whs_properties.csv,"Paris, Banks of the Seine (WHS 600); must outrank Lourdes"
G144,France,FRA,Mont-Saint-Michel,Mont Saint-Michel|Mont-Saint-Michel and its Bay,positive,site,48.636,-1.511,5,Icon,,sacred|seaside,80,Q20892,resolved 2026-10-03,,,y,whs_id verified by name in whs_properties.csv,v1 hard case; abbey island in the bay
G145,France,FRA,Lyon,Historic Site of Lyon,positive,settlement,45.764,4.836,8,Major,,metropolis|old_town,872,Q456,resolved 2026-10-03,,,,whs_id verified by name in whs_properties.csv,
G146,France,FRA,Marseille,,positive,settlement,43.296,5.370,8,Major,,maritime|metropolis,,Q23482,resolved 2026-10-03,,,,"settlement >=100,000","Vieux-Port; Le Corbusier Cite Radieuse (WHS 1321) is a serial component, not credited here"
G147,France,FRA,Loire Valley,Loire Valley Chateaux|Val de Loire,positive,area,47.413,0.984,40,Major,,rural|water|ruins,933,Q1050483,resolved 2026-10-03,,,,whs_id verified by name in whs_properties.csv,Anchor near Amboise; WHS stretches Sully-sur-Loire to Chalonnes
G148,France,FRA,Chamonix and Mont Blanc,Chamonix|Mont Blanc|Chamonix-Mont-Blanc,positive,area,45.924,6.869,15,Major,,mountain,,Q83236,resolved 2026-10-03,,,,Wikidata item with >=40 sitelinks (to confirm at qid resolution),Alps hub; area anchor is the Chamonix valley
G149,France,FRA,Provence (Luberon),Luberon|Provence,positive,area,43.911,5.200,40,Major,,rural,,Q101081,resolved 2026-10-03,,,,Wikidata item with >=40 sitelinks (to confirm at qid resolution),Anchor near Gordes; Luberon regional park villages and lavender country
G150,France,FRA,French Riviera,Cote d'Azur|Riviera,positive,area,43.553,7.017,30,Major,,seaside|maritime,,Q182822,resolved 2026-10-03,,,,Wikidata item with >=40 sitelinks (to confirm at qid resolution),Anchor at Cannes; Nice is a separate settlement
G151,France,FRA,Corsica,Corse|Corsica Island,positive,area,42.200,9.100,60,Major,,seaside|mountain|rural,,Q14112,resolved 2026-10-03,,,,Wikidata item with >=40 sitelinks (to confirm at qid resolution),Whole island; Gulf of Porto (WHS 258) is a part and not separately listed here
G152,France,FRA,Normandy D-Day Beaches,D-Day Beaches|Normandy Landing Beaches|Omaha Beach,positive,area,49.339,-0.623,40,Major,,seaside|ruins,1581,Q3390891,resolved 2026-10-03,,,,whs_id verified by name in whs_properties.csv,Anchor at Arromanches; beaches run Utah to Sword
G153,France,FRA,Lourdes,,positive,settlement,43.095,-0.046,8,Major,,sacred,,Q3327,resolved 2026-10-03,,,y,Wikidata item with >=40 sitelinks (to confirm at qid resolution),Pilgrimage town; must stay below Paris
G154,France,FRA,Strasbourg,Strasbourg Grande-Ile,positive,settlement,48.584,7.751,8,Major,,old_town,495,Q6602,resolved 2026-10-03,,,,whs_id verified by name in whs_properties.csv,"Strasbourg, Grande-Ile and Neustadt (WHS 495)"
G155,France,FRA,Alsace Wine Route,Route des Vins d'Alsace|Alsace|Riquewihr,positive,area,48.167,7.298,25,Notable,,rural,,Q1334019,resolved 2026-10-03,,,,Wikidata item with >=40 sitelinks (to confirm at qid resolution),Anchor at Riquewihr; Colmar is nearby
G156,France,FRA,Bordeaux,Bordeaux Port of the Moon,positive,settlement,44.839,-0.579,8,Major,,old_town|maritime,1256,Q1479,resolved 2026-10-03,,,,whs_id verified by name in whs_properties.csv,"Bordeaux, Port of the Moon (WHS 1256)"
G157,France,FRA,Camargue,Parc naturel regional de Camargue,positive,area,43.500,4.550,30,Notable,,wildlife|water,,Q218151,resolved 2026-10-03,,,,Wikidata item with >=40 sitelinks (to confirm at qid resolution),Rhone delta wetland; flamingos and white horses
G158,France,FRA,Calanques National Park,Calanques|Calanques de Marseille,positive,area,43.215,5.440,20,Notable,,seaside|wildlife,,Q2600427,resolved 2026-10-03,,,,Protected area: Parc national des Calanques (WDPA id to confirm),Limestone coastal inlets between Marseille and Cassis
G159,France,FRA,Cirque de Gavarnie,Gavarnie|Pyrenees Mont Perdu,positive,site,42.695,-0.010,8,Notable,,mountain,773,Q1093112,resolved 2026-10-03,,,,whs_id verified by name in whs_properties.csv,"Pyrenees - Mont Perdu (WHS 773). Ruling 6 Oct 2026 (D31): the destination belongs to France; the transboundary property item Q3411434 is evidence on this place, and the Spanish side is a separate place (Ordesa y Monte Perdido)"
G160,France,FRA,Carcassonne,Cite de Carcassonne,positive,settlement,43.206,2.364,5,Major,,ruins|old_town,345,Q6582,resolved 2026-10-03,,,,whs_id verified by name in whs_properties.csv,Historic Fortified City of Carcassonne (WHS 345)
G161,France,FRA,Biarritz,,positive,settlement,43.483,-1.559,8,Notable,,seaside,,Q132790,resolved 2026-10-03,,,,Wikidata item with >=40 sitelinks (to confirm at qid resolution),"Basque Atlantic resort and surf town; population under 100,000"
G162,France,FRA,Dune du Pilat,Great Dune of Pyla|Pyla,positive,site,44.589,-1.213,5,Notable,,seaside,,Q501726,resolved 2026-10-03,,,,Wikidata item with >=40 sitelinks (to confirm at qid resolution),"Europe's tallest sand dune, Arcachon Bay"
G163,France,FRA,Palace of Versailles,Versailles|Chateau de Versailles,positive,site,48.805,2.120,5,Major,,capital,83,Q2946,resolved 2026-10-03,,,,whs_id verified by name in whs_properties.csv,Palace and Park of Versailles (WHS 83); seat of the French court
G164,France,FRA,Toulouse,,positive,settlement,43.604,1.444,10,Major,,metropolis|old_town,,Q7880,resolved 2026-10-03,,,,"settlement >=100,000",Ville rose; Canal du Midi (WHS 770) passes through but is a separate route
G165,Türkiye,TUR,Istanbul,Constantinople|Byzantium|Historic Areas of Istanbul,positive,settlement,41.008,28.978,8,Icon,,metropolis|old_town|capital,356,Q406,resolved 2026-10-03,,,,whs_id verified by name in whs_properties.csv,"Former imperial capital; Hagia Sophia, Topkapi and Blue Mosque are parts of one place"
G166,Türkiye,TUR,Cappadocia,Goreme|Göreme|Göreme National Park,positive,area,38.643,34.829,25,Icon,,rural|ruins|volcanic,357,Q217265,resolved 2026-10-03,,,,whs_id verified by name in whs_properties.csv,Area anchor at Göreme; WHS registry point lies ~25 km south-west
G167,Türkiye,TUR,Pamukkale,Hierapolis|Hierapolis-Pamukkale,positive,site,37.924,29.123,5,Major,,volcanic|ruins,485,Q15924669,resolved 2026-10-03,,,,whs_id verified by name in whs_properties.csv,"Travertine terraces and ancient Hierapolis, one property"
G168,Türkiye,TUR,Ephesus,Efes|Ephesos,positive,site,37.939,27.341,5,Icon,,ruins,1018,Q47611,resolved 2026-10-03,,,,whs_id verified by name in whs_properties.csv,Ancient city near Selçuk
G169,Türkiye,TUR,Troy,Truva|Troia|Ilion,positive,site,39.957,26.239,5,Major,,ruins,849,Q22647,resolved 2026-10-03,,,,whs_id verified by name in whs_properties.csv,Archaeological site near Çanakkale
G170,Türkiye,TUR,Göbekli Tepe,Gobekli Tepe,positive,site,37.223,38.922,5,Major,,ruins,1572,Q214944,resolved 2026-10-03,,,,whs_id verified by name in whs_properties.csv,"Neolithic monumental site, ~15 km from Şanlıurfa"
G171,Türkiye,TUR,Mount Nemrut,Nemrut Dağ|Nemrut Dagi|Nemrut,positive,site,37.981,38.741,5,Notable,,ruins|mountain,448,Q207917,resolved 2026-10-03,,,,whs_id verified by name in whs_properties.csv,Commagene tomb-sanctuary with colossal statues on the summit
G172,Türkiye,TUR,Hattusha,Hattusa|Boğazkale|Hattuşa,positive,site,40.003,34.614,5,Notable,,ruins|capital,377,Q181007,resolved 2026-10-03,,,,whs_id verified by name in whs_properties.csv,Hittite capital
G173,Türkiye,TUR,Safranbolu,,positive,settlement,41.245,32.693,5,Notable,,old_town|rural,614,Q192501,resolved 2026-10-03,,,,whs_id verified by name in whs_properties.csv,Ottoman timber-house town
G174,Türkiye,TUR,Antalya,Kaleiçi|Turquoise Coast|Turkish Riviera,positive,settlement,36.885,30.704,10,Major,,seaside|maritime|metropolis,,Q6487,resolved 2026-10-03,,,,"settlement >= 100,000",Hub of the Turquoise Coast; Kaleiçi old harbour is the anchor
G175,Türkiye,TUR,Mount Ararat,Ağrı Dağı|Agri Dagi|Ararat,positive,area,39.702,44.298,30,Major,,mountain|volcanic,,Q72303,resolved 2026-10-03,,,,Wikidata item expected >= 40 sitelinks (to_resolve),"Dormant volcano, 5,137 m, near Iran and Armenia borders; Ağrı Dağı National Park"
G176,Türkiye,TUR,Bodrum,Halicarnassus,positive,settlement,37.034,27.430,8,Major,,seaside|maritime|ruins,,Q172267,resolved 2026-10-03,,,,Wikidata item expected >= 40 sitelinks (to_resolve),Resort and castle town on the Aegean; site of ancient Halicarnassus
G177,Türkiye,TUR,Ankara,Angora,positive,settlement,39.934,32.860,10,Major,,capital|metropolis,,Q3640,resolved 2026-10-03,,,,"settlement >= 100,000",Current capital of Türkiye; must rank below Istanbul
G178,Türkiye,TUR,Sumela Monastery,Sümela|Sumela,positive,site,40.690,39.658,6,Notable,,sacred|mountain|forest,,Q1419157,resolved 2026-10-03,,,,Wikidata item expected >= 40 sitelinks (to_resolve),"Cliff-face monastery in the Altındere valley, ~45 km south of Trabzon"
G179,Türkiye,TUR,Izmir,İzmir|Smyrna,positive,settlement,38.423,27.143,10,Notable,,metropolis|maritime,,Q35997,resolved 2026-10-03,,,,"settlement >= 100,000","Aegean port city, population over 4 million in the metro area"
G180,Türkiye,TUR,Ölüdeniz,Oludeniz|Blue Lagoon,positive,site,36.550,29.116,6,Notable,,seaside,,Q1344290,resolved 2026-10-03,,,,Wikidata item expected >= 40 sitelinks (to_resolve),Lagoon and beach near Fethiye; Fethiye is not a separate row
G181,Türkiye,TUR,Lake Van,Van Gölü|Van Golu,positive,area,38.650,42.900,40,Notable,,water|mountain,,Q126307,resolved 2026-10-03,,,,Wikidata item expected >= 40 sitelinks (to_resolve),Largest lake in Türkiye (soda lake); anchor is mid-lake
G182,Türkiye,TUR,Konya,Mevlana|Iconium,positive,settlement,37.872,32.493,8,Notable,,sacred|metropolis|old_town,,Q79857,resolved 2026-10-03,,,,"settlement >= 100,000",Seat of the Mevlevi order; Seljuk capital
G183,Türkiye,TUR,Mardin,,positive,settlement,37.313,40.735,6,Notable,,old_town|desert,,Q188022,resolved 2026-10-03,,,,Wikidata item expected >= 40 sitelinks (to_resolve),"Stone old town overlooking the Mesopotamian plain; city population near 100,000 (verify)"
G184,Türkiye,TUR,Alanya,Alanya Castle,positive,settlement,36.544,31.999,8,Notable,,seaside|maritime|ruins,,Q171810,resolved 2026-10-03,,,,"settlement >= 100,000",Resort town with a Seljuk castle on a headland
G185,Türkiye,TUR,Şanlıurfa,Sanliurfa|Urfa|Edessa,positive,settlement,37.159,38.791,8,Notable,,sacred|old_town,,Q133118,resolved 2026-10-03,,,,"settlement >= 100,000",Pilgrimage city (Balıklıgöl); Göbekli Tepe is a separate row
G186,Türkiye,TUR,Gaziantep,Antep|Gaziantep Castle,positive,settlement,37.066,37.383,10,Notable,,metropolis|old_town,,Q93338,resolved 2026-10-03,,,,"settlement >= 100,000","Large southeast city, historic bazaar quarter"
N001,Egypt,EGY,Great Pyramid of Khufu,,negative,,,,,,,,,,n/a,component_of,G001,,,True serial component of WHS 86: must not be a separate pin
N002,Egypt,EGY,Valley of the Kings,,negative,,,,,,,,,,n/a,component_of,G003,,,Component of the Ancient Thebes property (WHS 87): must not be a separate pin
N003,Italy,ITA,Colosseum,,negative,,,,,,,,,,n/a,component_of,G027,,,"Asset of the parent place (D25): evidence on G027, never its own place or pin"
N004,Italy,ITA,Uffizi Gallery,,negative,,,,,,,,,,n/a,component_of,G028,,,"Asset of the parent place (D25): evidence on G028, never its own place or pin"
N005,Italy,ITA,Belluno,,negative,,,,,,,,,,n/a,not_above,G028,y,,Must not outrank Florence (v1: Belluno 90 > Florence 77)
N006,Peru,PER,Quillabamba,,negative,,,,,,,,,,n/a,not_credited,G014,y,,Must not carry Machu Picchu's World Heritage evidence
N007,Jordan,JOR,Ma'an,,negative,,,,,,,,,,n/a,not_credited,G044,y,,Must not carry Petra's World Heritage evidence
N008,Tanzania,TZA,Tarakea,,negative,,,,,,,,,,n/a,not_credited,G057,y,,Must not carry Kilimanjaro's evidence
N009,Egypt,EGY,Yusuf as-Siddiq,,negative,,,,,,,,,,n/a,not_above,G001|G002|G003|G004,y,,"Must not outrank any of Giza, Cairo, Luxor, Abu Simbel (v1: Egypt #1)"
N010,Morocco,MAR,Imlil,,negative,,,,,,,,,,n/a,not_above,G099,,,Village must not outrank Marrakech
N011,Morocco,MAR,Ifrane,,negative,,,,,,,,,,n/a,not_above,G100,,,Hill town must not outrank Fez
N012,Morocco,MAR,Ouarzazate,,negative,,,,,,,,,,n/a,not_credited,G105,,,Must not carry Ait Benhaddou's World Heritage evidence (separate property about 30 km away)
N013,Spain,ESP,Sagrada Familia,,negative,,,,,,,,,,n/a,component_of,G122,,,"Asset of the parent place (D25): evidence on G122, never its own place or pin"
N014,Spain,ESP,Prado Museum,,negative,,,,,,,,,,n/a,component_of,G121,,,"Asset of the parent place (D25): evidence on G121, never its own place or pin"
N015,Spain,ESP,Mezquita of Cordoba,,negative,,,,,,,,,,n/a,component_of,G134,,,"Asset of the parent place (D25): evidence on G134, never its own place or pin"
N016,France,FRA,Lourdes,,negative,,,,,,,,,,n/a,not_above,G143,y,,Must not outrank Paris (v1: Lourdes above Paris)
N017,France,FRA,Biarritz,,negative,,,,,,,,,,n/a,not_above,G145,,,Small resort town must not outrank Lyon
N018,France,FRA,Dune du Pilat,,negative,,,,,,,,,,n/a,not_above,G144,,,A single dune must not outrank Mont-Saint-Michel
N019,Türkiye,TUR,Hagia Sophia,,negative,,,,,,,,,,n/a,component_of,G165,,,"Asset of the parent place (D25): evidence on G165, never its own place or pin"
N020,Türkiye,TUR,Selçuk,,negative,,,,,,,,,,n/a,not_credited,G168,,,Town beside Ephesus; must not carry Ephesus's World Heritage evidence
N021,Egypt,EGY,Saqqara,,negative,,,,,,,,,,n/a,component_of,G001,y,,"Absorbed into Giza (D25, structure S003): same kind and same Memphis property, ~15-17 km; the merged place keeps the Giza name and pin"
N022,France,FRA,Pyrénées – Mont Perdu,,negative,,,,,,,,,,n/a,component_of,G159,y,,"The transboundary property is evidence on the Cirque de Gavarnie, not a second place of its own (D31)"
