golden_id,qid,decision,note
G001,Q12508,accept,the destination (Giza pyramid complex); Q13217298 is a part
G002,Q85,accept,best name match and most sitelinks
G003,Q130514,accept,Luxor the city; Thebes (Q101583) is the ancient city
G004,Q134140,accept,best name match and most sitelinks
G005,Q29888,accept,best name match and most sitelinks
G006,Q87,accept,best name match and most sitelinks
G007,Q2468771,accept,council vote 4/5 from web-search evidence on wikidata.org result pages; alt Q185362 monastery only
G008,Q2008735,accept,best name match and most sitelinks
G009,Q2556953,accept,best name match and most sitelinks
G010,Q644,accept,best name match and most sitelinks
G012,Q239107,accept,best name match and most sitelinks
G013,Q501833,accept,best name match and most sitelinks
G014,Q676203,accept,best name match and most sitelinks
G015,Q5582862,accept,best name match and most sitelinks
G016,Q2237464,accept,council vote 5/5 from web-search evidence on wikidata.org result pages
G017,Q2868,accept,best name match and most sitelinks
G018,Q35342,accept,council vote 5/5 from web-search evidence on wikidata.org result pages
G019,Q1107685,accept,best name match and most sitelinks
G020,Q159273,accept,best name match and most sitelinks
G021,Q2620036,accept,best name match and most sitelinks
G022,Q390264,accept,best name match and most sitelinks
G023,Q193289,accept,council vote 5/5 from web-search evidence on wikidata.org result pages
G024,Q917369,accept,council vote 5/5 from web-search evidence on wikidata.org result pages
G025,Q277540,accept,best name match and most sitelinks
G026,Q1641076,accept,best name match and most sitelinks
G027,Q220,accept,best name match and most sitelinks
G028,Q2044,accept,best name match and most sitelinks
G029,Q641,accept,best name match and most sitelinks
G030,Q43332,accept,best name match and most sitelinks
G031,Q490,accept,best name match and most sitelinks
G032,Q2634,accept,best name match and most sitelinks
G033,Q2751,accept,best name match and most sitelinks
G034,Q212214,accept,Amalfi Coast; Q80563 is the town
G035,Q275639,accept,
G036,Q1283,accept,council vote 4/5 from web-search evidence on wikidata.org result pages; alt Q65028346 the UNESCO property item
G037,Q15523,accept,best name match and most sitelinks
G038,Q13375,accept,best name match and most sitelinks
G039,Q16990,accept,best name match and most sitelinks
G040,Q636774,accept,label is Italian (Valle dei Templi)
G041,Q13616,accept,best name match and most sitelinks
G042,Q20103,accept,best name match and most sitelinks
G043,Q51812,accept,best name match and most sitelinks
G044,Q5788,accept,best name match and most sitelinks
G045,Q40729,accept,best name match and most sitelinks
G046,Q3805,accept,best name match and most sitelinks
G047,Q31565,accept,best name match and most sitelinks
G048,Q23883,accept,council vote 5/5 from web-search evidence on wikidata.org result pages; whole Dead Sea; no Jordan-shore item found (alt Q50362107 'Jordanian Dead Sea')
G049,Q180522,accept,best name match and most sitelinks
G050,Q680161,accept,best name match and most sitelinks
G051,Q12193567,accept,Al Maghtas = Bethany Beyond the Jordan
G052,Q864750,accept,best name match and most sitelinks
G053,Q844694,accept,council vote 5/5 from web-search evidence on wikidata.org result pages
G054,Q131955,accept,best name match and most sitelinks
G055,Q11812902,accept,best name match and most sitelinks
G056,Q1217726,accept,"Ngorongoro Conservation Area, 14 km from the anchor"
G057,Q7296,accept,best name match and most sitelinks
G058,Q844417,accept,Stone Town; Q2222874 is the Zanzibar City municipality
G059,Q1960,accept,best name match and most sitelinks
G060,Q104873228,accept,council vote 5/5 from web-search evidence on wikidata.org result pages
G061,Q1432744,accept,best name match and most sitelinks
G062,Q607533,accept,best name match and most sitelinks
G063,Q309098,accept,council vote 3/5 from web-search evidence on wikidata.org result pages; alt Q716801 Arusha National Park
G065,Q1741475,accept,best name match and most sitelinks
G066,Q856665,accept,Gombe National Park
G067,Q656363,accept,best name match and most sitelinks
G068,Q217043,accept,best name match and most sitelinks
G069,Q3866,accept,best name match and most sitelinks
G070,Q370495,accept,best name match and most sitelinks
G071,Q203299,accept,best name match and most sitelinks
G072,Q192268,accept,best name match and most sitelinks
G073,Q6562520,accept,council vote 5/5 from web-search evidence on wikidata.org result pages
G074,Q6247,accept,best name match and most sitelinks
G075,Q217449,accept,council vote 5/5 from web-search evidence on wikidata.org result pages
G076,Q253241,accept,the site; Q287398 is the village Barumini
G077,Q329967,accept,best name match and most sitelinks
G078,Q179883,accept,Aeolian Islands; Q131148 is Stromboli
G079,Q541,accept,best name match and most sitelinks
G080,Q524,accept,best name match and most sitelinks
G081,Q847690,accept,the national park; Q1372 is the mountain
G082,Q499517,accept,best name match and most sitelinks
G083,Q822842,accept,best name match and most sitelinks
G084,Q3107493,accept,best name match and most sitelinks
G085,Q31866622,accept,best name match and most sitelinks
G086,Q2120208,accept,best name match and most sitelinks
G087,Q11202572,accept,
G088,Q1141858,accept,best name match and most sitelinks
G089,Q219279,accept,council vote 5/5 from web-search evidence on wikidata.org result pages
G090,Q732554,accept,best name match and most sitelinks
G091,Q977740,accept,council vote 5/5 from web-search evidence on wikidata.org result pages
G092,Q6062202,accept,best name match and most sitelinks
G093,Q1404282,accept,
G094,Q110218,accept,best name match and most sitelinks
G095,Q1422525,accept,best name match and most sitelinks
G096,Q1294175,accept,best name match and most sitelinks
G097,Q1124728,accept,best name match and most sitelinks
G098,Q271733,accept,best name match and most sitelinks
G099,Q101625,accept,best name match and most sitelinks
G100,Q80985,accept,best name match and most sitelinks
G101,Q7903,accept,best name match and most sitelinks
G102,Q3551,accept,best name match and most sitelinks
G103,Q676778,accept,best name match and most sitelinks
G104,Q146219,accept,Erg Chebbi; Merzouga (Q1922278) is the village
G105,Q309436,accept,best name match and most sitelinks
G106,Q216939,accept,best name match and most sitelinks
G107,Q391215,accept,best name match and most sitelinks
G108,Q1969097,accept,best name match and most sitelinks
G109,Q3111026,accept,best name match and most sitelinks
G110,Q170525,accept,best name match and most sitelinks
G111,Q126148,accept,best name match and most sitelinks
G112,Q178663,accept,best name match and most sitelinks
G113,Q38212,accept,best name match and most sitelinks
G114,Q193802,accept,best name match and most sitelinks
G115,Q505208,accept,best name match and most sitelinks
G116,Q6004235,accept,best name match and most sitelinks
G117,Q1001887,accept,best name match and most sitelinks
G118,Q621472,accept,best name match and most sitelinks
G119,Q185157,accept,best name match and most sitelinks
G120,Q219583,accept,best name match and most sitelinks
G121,Q2807,accept,best name match and most sitelinks
G122,Q1492,accept,best name match and most sitelinks
G123,Q47476,accept,best name match and most sitelinks
G124,Q8717,accept,best name match and most sitelinks
G125,Q41150,accept,council vote 4/5 from web-search evidence on wikidata.org result pages; alt Q475699
G126,Q14314,accept,best name match and most sitelinks
G127,Q5836,accept,best name match and most sitelinks
G128,Q715124,accept,council vote 5/5 from web-search evidence on wikidata.org result pages
G129,Q8826,accept,best name match and most sitelinks
G130,Q48567,accept,Picos de Europa National Park
G131,Q741610,accept,best name match and most sitelinks
G132,Q10313,accept,best name match and most sitelinks
G133,Q8818,accept,best name match and most sitelinks
G134,Q5818,accept,Córdoba the city; the Mosque-Cathedral is a separate item
G135,Q463141,accept,best name match and most sitelinks
G136,Q1480521,accept,Timanfaya National Park; Q182432 is the island
G137,Q8851,accept,best name match and most sitelinks
G138,Q26955,accept,council vote 5/5 from web-search evidence on wikidata.org result pages; the range; alt Q1969050 the national park
G139,Q8692,accept,best name match and most sitelinks
G140,Q15682,accept,best name match and most sitelinks
G141,Q15958616,accept,council vote 5/5 from web-search evidence on wikidata.org result pages
G142,Q10282,accept,best name match and most sitelinks
G143,Q90,accept,best name match and most sitelinks
G144,Q20892,accept,Mont-Saint-Michel
G145,Q456,accept,best name match and most sitelinks
G146,Q23482,accept,best name match and most sitelinks
G147,Q1050483,accept,"Loire Valley (43 sitelinks); the nearer Q13947 is the region Centre-Val de Loire, wrong"
G148,Q83236,accept,council vote 5/5 from web-search evidence on wikidata.org result pages; the commune; alt Q583 the mountain
G149,Q101081,accept,council vote 5/5 from web-search evidence on wikidata.org result pages
G150,Q182822,accept,best name match and most sitelinks
G151,Q14112,accept,best name match and most sitelinks
G152,Q3390891,accept,council vote 5/5 from web-search evidence on wikidata.org result pages
G153,Q3327,accept,best name match and most sitelinks
G154,Q6602,accept,best name match and most sitelinks
G155,Q1334019,accept,council vote 5/5 from web-search evidence on wikidata.org result pages
G156,Q1479,accept,best name match and most sitelinks
G157,Q218151,accept,best name match and most sitelinks
G158,Q2600427,accept,best name match and most sitelinks
G159,Q1093112,accept,council vote 5/5 from web-search evidence on wikidata.org result pages
G160,Q6582,accept,Carcassonne; the Cité (Q389269) is the walled part
G161,Q132790,accept,best name match and most sitelinks
G162,Q501726,accept,
G163,Q2946,accept,Palace of Versailles; Q621 is the town
G164,Q7880,accept,best name match and most sitelinks
G165,Q406,accept,
G166,Q217265,accept,Cappadocia
G167,Q15924669,accept,council vote 4/5 from web-search evidence on wikidata.org result pages; alt Q105893254 hot springs only; Q7428276 Hierapolis
G168,Q47611,accept,best name match and most sitelinks
G169,Q22647,accept,best name match and most sitelinks
G170,Q214944,accept,best name match and most sitelinks
G171,Q207917,accept,best name match and most sitelinks
G172,Q181007,accept,Hattusa
G173,Q192501,accept,best name match and most sitelinks
G174,Q6487,accept,best name match and most sitelinks
G175,Q72303,accept,
G176,Q172267,accept,Bodrum the town; Halicarnassus is the ancient city
G177,Q3640,accept,best name match and most sitelinks
G178,Q1419157,accept,best name match and most sitelinks
G179,Q35997,accept,best name match and most sitelinks
G180,Q1344290,accept,best name match and most sitelinks
G181,Q126307,accept,best name match and most sitelinks
G182,Q79857,accept,best name match and most sitelinks
G183,Q188022,accept,best name match and most sitelinks
G184,Q171810,accept,best name match and most sitelinks
G185,Q133118,accept,Şanlıurfa the city
G186,Q93338,accept,best name match and most sitelinks
